No,Keyword,Search Volume,CPC,Paid Difficulty,Search Difficulty
1,"css",49500,"¥91.26",1,46
2,"css flex",12100,"¥425.66",2,22
3,"html css",12100,"¥208.42",4,23
4,"css border",9900,"¥0",1,21
5,"css position",8100,"¥0",1,21
6,"css3 animation",8100,"¥0",1,21
7,"css セレクタ",6600,"¥40.46",2,20
8,"cssセレクタ",6600,"¥0",1,33
9,"cssとは",6600,"¥0",1,33
10,"css display",6600,"¥0",1,19
11,"css 書き方",6600,"¥89.89",1,20
12,"css margin",6600,"¥0",1,20
13,"css書き方",6600,"¥128.86",1,33
14,"css important",5400,"¥0",1,20
15,"cssアニメーション",5400,"¥0",1,33
16,"css色",4400,"¥0",1,33
17,"css中央寄せ",2900,"¥0",1,31
18,"cssコメントアウト",2400,"¥0",1,32
19,"css見出し",2400,"¥0",1,31
20,"cssフレームワーク",2400,"¥97.56",1,32
21,"css太字",1900,"¥0",1,32
22,"css右寄せ",1900,"¥433.82",1,32
23,"css3",1900,"¥0",1,32
24,"css縦書き",1900,"¥0",1,31
25,"css背景色",1900,"¥0",1,32
26,"cssコメント",1900,"¥0",1,31
27,"css文字色",1900,"¥0",1,32
28,"css2019",1600,"¥0",1,31
29,"css下線",1600,"¥0",1,32
30,"css三角",1600,"¥0",1,32
31,"cssフォント指定",1600,"¥0",1,31
32,"css背景画像",1600,"¥0",1,31
33,"css改行",1600,"¥0",1,31
34,"css変数",1300,"¥0",1,31
35,"css文字間隔",1300,"¥0",1,31
36,"css意味",1300,"¥0",1,31
37,"css枠線",1000,"¥0",1,32
38,"cssレスポンシブ",1000,"¥231.56",2,32
39,"css文字サイズ",1000,"¥0",1,31
40,"css整形",1000,"¥0",1,31
41,"css入門",880,"¥104.38",1,32
42,"cssクラス",880,"¥0",1,32
43,"css折り返し",880,"¥0",1,31
44,"cssテンプレート",880,"¥387.92",3,33
45,"css反映されない",880,"¥0",1,31
46,"css非表示",880,"¥0",1,31
47,"cssカラーコード",880,"¥0",1,32
48,"cssテーブル",880,"¥0",1,31
49,"css左寄せ",880,"¥0",1,31
50,"css使い方",880,"¥161.36",1,32
51,"css設計",880,"¥138.55",2,32
52,"css枠",880,"¥0",1,31
53,"css中央",880,"¥0",1,31
54,"css透明度",720,"¥0",1,31
55,"cssリセット",720,"¥0",1,31
56,"cssインデント",720,"¥0",1,31
57,"csシリーズ",720,"¥0",1,31
58,"cssスクロール",720,"¥0",1,32
59,"css色見本",720,"¥0",1,32
60,"cssリンク",720,"¥0",1,31
61,"cssファイル",720,"¥0",1,32
62,"cssマーカー",720,"¥0",1,31
63,"css透明",720,"¥0",1,32
64,"cssメディアクエリ",590,"¥150.04",1,31
65,"css表",590,"¥0",1,31
66,"cssアニメーションサンプル",590,"¥0",1,32
67,"cssタブ",590,"¥0",1,31
68,"css継承",590,"¥0",1,31
69,"csセット",590,"¥25.92",1,32
70,"css一覧",590,"¥0",1,31
71,"cssスプライト",590,"¥0",1,31
72,"css文字",590,"¥0",1,32
73,"cssタグ",590,"¥0",1,31
74,"cssリファレンス",590,"¥11.44",1,32
75,"csスカパー",590,"¥27.94",20,38
76,"cssサンプル",590,"¥349.89",1,32
77,"cssレイアウト",590,"¥0",1,32
78,"css公務員",590,"¥348.97",1,32
79,"cssリスト",480,"¥0",1,32
80,"cssクラス名",480,"¥0",1,31
81,"css計算",480,"¥0",1,31
82,"cssタイトル",480,"¥0",1,31
83,"css基本",480,"¥119.10",1,32
84,"css指定",480,"¥0",1,31
85,"cssメニュー",480,"¥0",1,31
86,"css幅",480,"¥0",1,32
87,"css折り返さない",480,"¥0",1,31
88,"cssマウスオーバー",480,"¥0",1,31
89,"css4",480,"¥0",1,32
90,"cssスライダー",480,"¥0",1,32
91,"css丸",480,"¥0",1,32
92,"css命名規則",480,"¥0",1,32
93,"css設計完全ガイド",390,"¥24.19",62,50
94,"css点線",390,"¥0",1,31
95,"css回り込み",390,"¥0",1,31
96,"cssマージン",390,"¥0",1,31
97,"wordpress css追加",390,"¥0",1,19
98,"cssセレクタ 書き方",390,"¥25.87",5,20
99,"cssクレセント",390,"¥0",1,32
100,"csソックス",390,"¥50.12",78,55
